{
  "sklearn_version": "1.7.1",
  "accuracy": 0.8333333333333334,
  "roc_auc": 0.5676929941990183,
  "confusion_matrix": [
    [
      245,
      4
    ],
    [
      45,
      0
    ]
  ],
  "classification_report": {
    "0": {
      "precision": 0.8448275862068966,
      "recall": 0.9839357429718876,
      "f1-score": 0.9090909090909091,
      "support": 249.0
    },
    "1": {
      "precision": 0.0,
      "recall": 0.0,
      "f1-score": 0.0,
      "support": 45.0
    },
    "accuracy": 0.8333333333333334,
    "macro avg": {
      "precision": 0.4224137931034483,
      "recall": 0.4919678714859438,
      "f1-score": 0.45454545454545453,
      "support": 294.0
    },
    "weighted avg": {
      "precision": 0.7155172413793104,
      "recall": 0.8333333333333334,
      "f1-score": 0.7699443413729128,
      "support": 294.0
    }
  },
  "n_train": 1176,
  "n_test": 294,
  "features": [
    "JobInvolvement",
    "JobLevel",
    "JobSatisfaction",
    "EnvironmentSatisfaction",
    "RelationshipSatisfaction",
    "WorkLifeBalance",
    "YearsAtCompany",
    "YearsInCurrentRole",
    "YearsSinceLastPromotion",
    "YearsWithCurrManager",
    "OverTime",
    "MonthlyIncome",
    "JobRole",
    "Department"
  ],
  "label_positive": "High Performer (PerformanceRating >= 4)"
}