{
  "sklearn_version": "1.7.1",
  "accuracy": 0.8231292517006803,
  "roc_auc": 0.8004134723059696,
  "confusion_matrix": [
    [
      225,
      22
    ],
    [
      30,
      17
    ]
  ],
  "classification_report": {
    "0": {
      "precision": 0.8823529411764706,
      "recall": 0.9109311740890689,
      "f1-score": 0.896414342629482,
      "support": 247.0
    },
    "1": {
      "precision": 0.4358974358974359,
      "recall": 0.3617021276595745,
      "f1-score": 0.3953488372093023,
      "support": 47.0
    },
    "accuracy": 0.8231292517006803,
    "macro avg": {
      "precision": 0.6591251885369532,
      "recall": 0.6363166508743217,
      "f1-score": 0.6458815899193922,
      "support": 294.0
    },
    "weighted avg": {
      "precision": 0.8109808025774413,
      "recall": 0.8231292517006803,
      "f1-score": 0.8163120339398615,
      "support": 294.0
    }
  },
  "n_train": 1176,
  "n_test": 294,
  "features": [
    "JobInvolvement",
    "JobLevel",
    "JobSatisfaction",
    "EnvironmentSatisfaction",
    "RelationshipSatisfaction",
    "WorkLifeBalance",
    "YearsAtCompany",
    "YearsInCurrentRole",
    "YearsSinceLastPromotion",
    "YearsWithCurrManager",
    "OverTime",
    "MonthlyIncome",
    "PerformanceRating"
  ]
}